{"backedUpFiles":["/sdcard/FIRST/blocks/skrenshot.blk","/sdcard/FIRST/blocks/skrenshot.js","/sdcard/FIRST/blocks/auton_redStorage.blk","/sdcard/FIRST/blocks/BLOOFinalTeleOpCodeDriveBaseCode.blk","/sdcard/FIRST/blocks/auton_blueStop.blk","/sdcard/FIRST/blocks/vision_jdathtoobueno.blk","/sdcard/FIRST/blocks/auton_redStorage.js","/sdcard/FIRST/blocks/auton_redStop.js","/sdcard/FIRST/blocks/auton_testAuton.blk","/sdcard/FIRST/blocks/auton_testAuton.js","/sdcard/FIRST/blocks/auton_blueStorage.blk","/sdcard/FIRST/blocks/auton_blueStorage.js","/sdcard/FIRST/blocks/auton_redWarehouse.blk","/sdcard/FIRST/blocks/auton_redWarehouse.js","/sdcard/FIRST/blocks/auton_blueWarehouse.blk","/sdcard/FIRST/blocks/auton_blueWarehouse.js","/sdcard/FIRST/blocks/REDFinalTeleOpCodeDriveBaseCode.blk","/sdcard/FIRST/blocks/test_webcamfy.js","/sdcard/FIRST/blocks/vision_jdathtoobueno.js","/sdcard/FIRST/blocks/REDFinalTeleOpCodeDriveBaseCode.js","/sdcard/FIRST/blocks/BLOOFinalTeleOpCodeDriveBaseCode.js","/sdcard/FIRST/blocks/auton_blueStop.js","/sdcard/FIRST/blocks/auton_redStop.blk","/sdcard/FIRST/blocks/MechanicalPrototypeCode.blk","/sdcard/FIRST/blocks/MechanicalPrototypeCode.js","/sdcard/FIRST/blocks/test_Carousel .blk","/sdcard/FIRST/blocks/test_Carousel .js","/sdcard/FIRST/blocks/auton_redWHmodified.blk","/sdcard/FIRST/blocks/auton_redWHmodified.js","/sdcard/FIRST/blocks/auton_blueWHmodified.blk","/sdcard/FIRST/blocks/auton_blueWHmodified.js","/sdcard/FIRST/blocks/auton_redSTmodified.blk","/sdcard/FIRST/blocks/auton_redSTmodified.js","/sdcard/FIRST/blocks/auton_blueSTmodified.blk","/sdcard/FIRST/blocks/auton_blueSTmodified.js","/sdcard/FIRST/blocks/DONOTUSEauton_redWarehouseCopier.js","/sdcard/FIRST/blocks/navigation.blk","/sdcard/FIRST/blocks/navigation.js","/sdcard/FIRST/blocks/navigationPseudoTest.blk","/sdcard/FIRST/blocks/navigationPseudoTest.js","/sdcard/FIRST/blocks/auton_blueSTCarouselMod.blk","/sdcard/FIRST/blocks/mattsmith_auton_redWarehouseCopier.blk","/sdcard/FIRST/blocks/mattsmith_auton_redWarehouseCopier.js","/sdcard/FIRST/blocks/intakeTest.blk","/sdcard/FIRST/blocks/intakeTest.js","/sdcard/FIRST/blocks/test_webcamfy.blk","/sdcard/FIRST/blocks/DONOTUSEauton_redWarehouseCopier.blk","/sdcard/FIRST/blocks/auton_blueSTCarouselMod.js","/sdcard/FIRST/blocks/auton_redSTCarouselMod.blk","/sdcard/FIRST/blocks/auton_redSTCarouselMod.js","/sdcard/FIRST/blocks/DONOTUSEauton_redStoragecopy.blk","/sdcard/FIRST/blocks/DONOTUSEauton_redStoragecopy.js","/sdcard/FIRST/blocks/OUTREACHBLOOFinalTeleOpCodeDriveBaseCode.blk","/sdcard/FIRST/blocks/OUTREACHBLOOFinalTeleOpCodeDriveBaseCode.js","/sdcard/FIRST/java/src/org/firstinspires/ftc/teamcode/Testing.java","/sdcard/FIRST/java/src/org/firstinspires/ftc/teamcode/rauton_ToJava.java","/sdcard/FIRST/test configuration.xml","/sdcard/FIRST/Robot 1.xml","/sdcard/FIRST/webcam.xml","/sdcard/FIRST/THICCwebcam.xml","/sdcard/FIRST/motor testing.xml","/sdcard/FIRST/FINAL Robot config.xml"],"deviceName":"Control Hub 16533-RC","modifiedTimes":[{"fileName":"/sdcard/FIRST/blocks/skrenshot.blk","time":"Sat Dec 11 09:24:42 PST 2021"},{"fileName":"/sdcard/FIRST/blocks/skrenshot.js","time":"Sat Dec 11 09:24:42 PST 2021"},{"fileName":"/sdcard/FIRST/blocks/auton_redStorage.blk","time":"Sun Mar 13 12:03:54 PDT 2022"},{"fileName":"/sdcard/FIRST/blocks/auton_blueStop.blk","time":"Sat Jan 22 10:03:38 PST 2022"},{"fileName":"/sdcard/FIRST/blocks/BLOOFinalTeleOpCodeDriveBaseCode.blk","time":"Sun Apr 24 09:47:25 PDT 2022"},{"fileName":"/sdcard/FIRST/blocks/auton_testAuton.blk","time":"Mon Jan 10 21:05:11 PST 2022"},{"fileName":"/sdcard/FIRST/blocks/auton_testAuton.js","time":"Mon Jan 10 21:05:11 PST 2022"},{"fileName":"/sdcard/FIRST/blocks/auton_redStop.js","time":"Sat Jan 22 10:04:12 PST 2022"},{"fileName":"/sdcard/FIRST/blocks/auton_redStorage.js","time":"Sun Mar 13 12:03:54 PDT 2022"},{"fileName":"/sdcard/FIRST/blocks/REDFinalTeleOpCodeDriveBaseCode.js","time":"Mon Jan 31 20:05:37 PST 2022"},{"fileName":"/sdcard/FIRST/blocks/vision_jdathtoobueno.blk","time":"Mon Oct 25 20:05:06 PDT 2021"},{"fileName":"/sdcard/FIRST/blocks/vision_jdathtoobueno.js","time":"Mon Oct 25 20:05:06 PDT 2021"},{"fileName":"/sdcard/FIRST/blocks/auton_blueWarehouse.js","time":"Sat Feb 26 11:05:22 PST 2022"},{"fileName":"/sdcard/FIRST/blocks/REDFinalTeleOpCodeDriveBaseCode.blk","time":"Mon Jan 31 20:05:37 PST 2022"},{"fileName":"/sdcard/FIRST/blocks/auton_redWarehouse.js","time":"Sat Feb 26 11:05:01 PST 2022"},{"fileName":"/sdcard/FIRST/blocks/auton_blueWarehouse.blk","time":"Sat Feb 26 11:05:22 PST 2022"},{"fileName":"/sdcard/FIRST/blocks/test_webcamfy.js","time":"Thu Feb  3 20:41:08 PST 2022"},{"fileName":"/sdcard/FIRST/blocks/auton_blueSTmodified.js","time":"Thu Feb  3 21:43:11 PST 2022"},{"fileName":"/sdcard/FIRST/blocks/auton_redWarehouse.blk","time":"Sat Feb 26 11:05:01 PST 2022"},{"fileName":"/sdcard/FIRST/blocks/auton_blueStorage.blk","time":"Sat Mar 12 15:03:59 PST 2022"},{"fileName":"/sdcard/FIRST/blocks/auton_blueStorage.js","time":"Sat Mar 12 15:03:59 PST 2022"},{"fileName":"/sdcard/FIRST/blocks/auton_blueSTmodified.blk","time":"Thu Feb  3 21:43:11 PST 2022"},{"fileName":"/sdcard/FIRST/blocks/DONOTUSEauton_redWarehouseCopier.js","time":"Thu Feb  3 18:43:26 PST 2022"},{"fileName":"/sdcard/FIRST/blocks/auton_redSTmodified.blk","time":"Thu Feb  3 21:41:08 PST 2022"},{"fileName":"/sdcard/FIRST/blocks/auton_redSTmodified.js","time":"Thu Feb  3 21:41:08 PST 2022"},{"fileName":"/sdcard/FIRST/blocks/auton_blueWHmodified.js","time":"Thu Feb  3 21:45:43 PST 2022"},{"fileName":"/sdcard/FIRST/blocks/auton_blueWHmodified.blk","time":"Thu Feb  3 21:45:43 PST 2022"},{"fileName":"/sdcard/FIRST/blocks/auton_redWHmodified.js","time":"Thu Feb  3 21:47:22 PST 2022"},{"fileName":"/sdcard/FIRST/blocks/test_Carousel .js","time":"date: Can't stat /sdcard/FIRST/blocks/test_Carousel: No such file or directory"},{"fileName":"/sdcard/FIRST/blocks/auton_redWHmodified.blk","time":"Thu Feb  3 21:47:22 PST 2022"},{"fileName":"/sdcard/FIRST/blocks/test_Carousel .blk","time":"date: Can't stat /sdcard/FIRST/blocks/test_Carousel: No such file or directory"},{"fileName":"/sdcard/FIRST/blocks/MechanicalPrototypeCode.js","time":"Sat Nov  6 11:54:51 PDT 2021"},{"fileName":"/sdcard/FIRST/blocks/MechanicalPrototypeCode.blk","time":"Sat Nov  6 11:54:51 PDT 2021"},{"fileName":"/sdcard/FIRST/blocks/auton_blueStop.js","time":"Sat Jan 22 10:03:38 PST 2022"},{"fileName":"/sdcard/FIRST/blocks/auton_redStop.blk","time":"Sat Jan 22 10:04:12 PST 2022"},{"fileName":"/sdcard/FIRST/blocks/BLOOFinalTeleOpCodeDriveBaseCode.js","time":"Sun Apr 24 09:47:25 PDT 2022"},{"fileName":"/sdcard/FIRST/motor testing.xml","time":"date: Can't stat /sdcard/FIRST/motor: No such file or directory"},{"fileName":"/sdcard/FIRST/FINAL Robot config.xml","time":"date: Can't stat /sdcard/FIRST/FINAL: No such file or directory"},{"fileName":"/sdcard/FIRST/THICCwebcam.xml","time":"Mon Oct 25 19:34:09 PDT 2021"},{"fileName":"/sdcard/FIRST/test configuration.xml","time":"date: Can't stat /sdcard/FIRST/test: No such file or directory"},{"fileName":"/sdcard/FIRST/Robot 1.xml","time":"date: Can't stat /sdcard/FIRST/Robot: No such file or directory"},{"fileName":"/sdcard/FIRST/java/src/org/firstinspires/ftc/teamcode/rauton_ToJava.java","time":"Thu Feb  3 19:10:23 PST 2022"},{"fileName":"/sdcard/FIRST/webcam.xml","time":"Sat Oct  9 10:15:05 PDT 2021"},{"fileName":"/sdcard/FIRST/blocks/auton_redSTCarouselMod.js","time":"Mon Feb 28 19:32:32 PST 2022"},{"fileName":"/sdcard/FIRST/blocks/DONOTUSEauton_redStoragecopy.js","time":"Sun Mar 13 11:26:29 PDT 2022"},{"fileName":"/sdcard/FIRST/blocks/OUTREACHBLOOFinalTeleOpCodeDriveBaseCode.js","time":"Sun Apr 24 10:38:49 PDT 2022"},{"fileName":"/sdcard/FIRST/java/src/org/firstinspires/ftc/teamcode/Testing.java","time":"Thu Feb  3 19:10:18 PST 2022"},{"fileName":"/sdcard/FIRST/blocks/DONOTUSEauton_redStoragecopy.blk","time":"Sun Mar 13 11:26:29 PDT 2022"},{"fileName":"/sdcard/FIRST/blocks/OUTREACHBLOOFinalTeleOpCodeDriveBaseCode.blk","time":"Sun Apr 24 10:38:49 PDT 2022"},{"fileName":"/sdcard/FIRST/blocks/auton_redSTCarouselMod.blk","time":"Mon Feb 28 19:32:32 PST 2022"},{"fileName":"/sdcard/FIRST/blocks/auton_blueSTCarouselMod.js","time":"Mon Feb 28 19:31:10 PST 2022"},{"fileName":"/sdcard/FIRST/blocks/test_webcamfy.blk","time":"Thu Feb  3 20:41:08 PST 2022"},{"fileName":"/sdcard/FIRST/blocks/DONOTUSEauton_redWarehouseCopier.blk","time":"Thu Feb  3 18:43:26 PST 2022"},{"fileName":"/sdcard/FIRST/blocks/intakeTest.blk","time":"Wed Dec  8 20:07:55 PST 2021"},{"fileName":"/sdcard/FIRST/blocks/intakeTest.js","time":"Wed Dec  8 20:07:55 PST 2021"},{"fileName":"/sdcard/FIRST/blocks/mattsmith_auton_redWarehouseCopier.blk","time":"Mon Jan 31 19:36:41 PST 2022"},{"fileName":"/sdcard/FIRST/blocks/auton_blueSTCarouselMod.blk","time":"Mon Feb 28 19:31:10 PST 2022"},{"fileName":"/sdcard/FIRST/blocks/navigationPseudoTest.js","time":"Sat Oct 30 10:20:58 PDT 2021"},{"fileName":"/sdcard/FIRST/blocks/mattsmith_auton_redWarehouseCopier.js","time":"Mon Jan 31 19:36:41 PST 2022"},{"fileName":"/sdcard/FIRST/blocks/navigationPseudoTest.blk","time":"Sat Oct 30 10:20:58 PDT 2021"},{"fileName":"/sdcard/FIRST/blocks/navigation.js","time":"Mon Oct 25 19:11:27 PDT 2021"},{"fileName":"/sdcard/FIRST/blocks/navigation.blk","time":"Mon Oct 25 19:11:27 PDT 2021"}]}