<?xml version='1.0' encoding='UTF-8' standalone='yes' ?>
<Robot type="FirstInspires-FTC">
    <LynxUsbDevice name="Control Hub Portal" serialNumber="(embedded)" parentModuleAddress="173">
        <LynxModule name="Control Hub" port="173">
            <goBILDA5202SeriesMotor name="elevator" port="0" />
            <goBILDA5202SeriesMotor name="front-right" port="1" />
            <goBILDA5202SeriesMotor name="back-left" port="2" />
            <goBILDA5202SeriesMotor name="back-right" port="3" />
            <RevSPARKMini name="front-left" port="0" />
            <ContinuousRotationServo name="intake" port="1" />
            <ContinuousRotationServo name="carousel" port="2" />
            <LynxEmbeddedIMU name="imu" port="0" bus="0" />
        </LynxModule>
    </LynxUsbDevice>
    <Webcam name="Webcam 1" serialNumber="C0B4AEA0" />
</Robot>
